Date,Added,Added,Removed,Removed,Reason
Date,Ticker,Security,Ticker,Security,Reason
"October 18, 2023",HUBB,Hubbell,OGN,Organon & Co.,Market capitalization change.[4]
"October 18, 2023",LULU,Lululemon Athletica,ATVI,Activision Blizzard,S&P 500 and S&P 100 constituent Microsoft acquired Activision Blizzard.[4]
"October 3, 2023",,,DXC,DXC Technology,Market capitalization change.[5]
"October 2, 2023",VLTO,Veralto,,,S&P 500 and S&P 100 constituent Danaher Corporation is spinning off Veralto.[5]
"September 18, 2023",BX,Blackstone,LNC,Lincoln National Corporation,Market capitalization change.[6]
"September 18, 2023",ABNB,Airbnb,NWL,Newell Brands,Market capitalization change.[6]
"August 25, 2023",KVUE,Kenvue,AAP,Advance Auto Parts,S&P 500 and S&P 100 constituent Johnson & Johnson offered to exchange the shares of Kenvue held for shares of Johnson & Johnson in a split-off exchange offer.[7]
"June 20, 2023",PANW,Palo Alto Networks,DISH,Dish Network,Market capitalization change.[8]
"May 4, 2023",AXON,Axon Enterprise,FRC,First Republic Bank,The Federal Deposit Insurance Corporation (FDIC) placed First Republic Bank into FDIC Receivership.[9]
"March 20, 2023",FICO,Fair Isaac,LUMN,Lumen Technologies,Market capitalization change.[10]
"March 15, 2023",BG,Bunge Global,SBNY,Signature Bank,The FDIC placed Signature Bank into FDIC Receivership.[11]
"March 15, 2023",PODD,Insulet,SIVB,SVB Financial Group,"The FDIC placed SVB's main subsidiary, Silicon Valley Bank, into receivership.[12]"
"January 5, 2023",,,VNO,Vornado Realty Trust,Market capitalization change.[13]
"January 4, 2023",GEHC,GE HealthCare,,,S&P 500 constituent General Electric spun off GE HealthCare.[14]
"December 22, 2022",STLD,Steel Dynamics,ABMD,Abiomed,S&P 500 constituent Johnson & Johnson acquired Abiomed.[15]
"December 19, 2022",FSLR,First Solar,FBHS,Fortune Brands Home & Security,Market capitalization change.[16]
"December 19, 2022",,,MBC,MasterBrand,Market capitalization change.[16]
"December 15, 2022",MBC,MasterBrand,,,S&P 500 constituent Fortune Brands Home & Security spun off MasterBrand.[16]
"November 1, 2022",ACGL,Arch Capital Group,TWTR,Twitter,Elon Musk acquired Twitter.[17]
"October 12, 2022",TRGP,Targa Resources,NLSN,Nielsen Holdings,Elliot Management Corp acquired Nielsen Holdings.[18]
"October 3, 2022",PCG,PG&E,CTXS,Citrix Systems,Vista Equity Partners acquired Citrix Systems.[19]
"October 3, 2022",EQT,EQT,DRE,Duke Realty,S&P 500 constituent Prologis Inc. acquired Duke Realty.[19]
"September 19, 2022",CSGP,CoStar Group,PVH,PVH,Market capitalization change.[20]
"September 19, 2022",INVH,Invitation Homes,PENN,Penn Entertainment,Market capitalization change.[20]
"June 21, 2022",,,UA,Under Armour (Class C),Market capitalization change.[21]
"June 21, 2022",KDP,Keurig Dr Pepper,UAA,Under Armour (Class A),Market capitalization change.[21]
"June 21, 2022",ON,ON Semiconductor,IPGP,IPG Photonics,Market capitalization change.[21]
"June 8, 2022",VICI,Vici Properties,CERN,Cerner,S&P 500 constituent Oracle Corp. acquired Cerner.[21]
"April 4, 2022",CPT,Camden Property Trust,PBCT,People's United Financial,S&P 500 constituent M&T Bank Corp. acquired People's United Financial.[22]
"March 2, 2022",MOH,Molina Healthcare,INFO,IHS Markit,S&P 500 constituent S&P Global Inc. acquired IHS Markit.[23]
"February 15, 2022",NDSN,Nordson Corporation,XLNX,Xilinx,S&P 500 constituent Advanced Micro Devices acquired Xilinx.[24]
"February 3, 2022",,,GPS,Gap,Market capitalization change.[25]
"February 2, 2022",CEG,Constellation Energy,,,S&P 500 and 100 constituent Exelon Corp. spun off Constellation Energy.[25]
"December 20, 2021",SBNY,Signature Bank,LEG,Leggett & Platt,Market capitalization change.[26]
"December 20, 2021",SEDG,SolarEdge,HBI,Hanesbrands,Market capitalization change.[26]
"December 20, 2021",FDS,FactSet,WU,Western Union,Market capitalization change.[26]
"December 14, 2021",EPAM,EPAM Systems,KSU,Kansas City Southern,Canadian Pacific acquired Kansas City Southern.[27]
"September 20, 2021",MTCH,Match Group,PRGO,Perrigo,Market capitalization change.[28]
"September 20, 2021",CDAY,Ceridian,UNM,Unum,Market capitalization change.[28]
"September 20, 2021",BRO,Brown & Brown,NOV,Nov,Market capitalization change.[28]
"August 30, 2021",TECH,Bio-Techne,MXIM,Maxim Integrated,S&P 500 constituent Analog Devices acquired Maxim Integrated Products.[29]
"July 21, 2021",MRNA,Moderna,ALXN,Alexion Pharmaceuticals,AstraZeneca acquired Alexion Pharmaceuticals.[30]
"June 4, 2021",,,HFC,HollyFrontier,Market capitalization change.[31]
"June 3, 2021",OGN,Organon & Co.,,,S&P 500/100 constituent Merck & Co. spun off Organon.[31]
"May 14, 2021",CRL,Charles River Laboratories,FLIR,FLIR Systems,S&P 500 constituent Teledyne Technologies acquired FLIR Systems.[32]
"April 20, 2021",PTC,PTC,VAR,Varian Medical Systems,Siemens Healthineers acquired Varian Medical Systems.[33]
"March 22, 2021",NXPI,NXP,FLS,Flowserve,Market capitalization change.[34]
"March 22, 2021",PENN,Penn National Gaming,SLG,SL Green Realty,Market capitalization change.[34]
"March 22, 2021",GNRC,Generac Holdings,XRX,Xerox,Market capitalization change.[34]
"March 22, 2021",CZR,Caesars Entertainment,VNT,Vontier,Market capitalization change.[34]
"February 12, 2021",MPWR,Monolithic Power Systems,FTI,TechnipFMC,TechnipFMC was removed from the S&P 500 in anticipation of its announced spin-off of Technip Energies.[35]
"January 21, 2021",TRMB,Trimble,CXO,Concho Resources,S&P 500/100 constituent ConocoPhillips acquired Concho Resources.[36]
"January 7, 2021",ENPH,Enphase Energy,TIF,Tiffany & Co,LVMH Moet Hennessy-Louis Vuitton SE acquired Tiffany & Co.[37]
"December 21, 2020",TSLA,Tesla,AIV,Apartment Investment & Management,Apartment Investment and Management (Aimco) spun off Apartment Income REIT.[38]
"October 12, 2020",,,NBL,Noble Energy,Chevron acquired Noble Energy.[39]
"October 9, 2020",VNT,Vontier,,,S&P 500 constituent Fortive spun off Vontier.[39]
"October 7, 2020",POOL,Pool Corporation,ETFC,E-Trade,Morgan Stanley acquired E*Trade.[40]
"September 21, 2020",ETSY,Etsy,HRB,H&R Block,Market capitalization change.[41]
"September 21, 2020",TER,Teradyne,COTY,Coty,Market capitalization change.[41]
"September 21, 2020",CTLT,Catalent,KSS,Kohl's,Market capitalization change.[41]
"June 22, 2020",BIO,Bio-Rad Laboratories,ADS,Alliance Data Systems,Market capitalization change.[42]
"June 22, 2020",TDY,Teledyne,HOG,Harley-Davidson,Market capitalization change.[42]
"June 22, 2020",TYL,Tyler Technologies,JWN,Nordstrom,Market capitalization change.[42]
"May 22, 2020",WST,West Pharmaceutical Services,HP,Helmerich & Payne,Market capitalization change.[43]
"May 12, 2020",DPZ,Domino's Pizza,CPRI,Capri Holdings,Market capitalization change.[44]
"May 12, 2020",DXCM,Dexcom,AGN,Allergan,Allergan acquired by AbbVie.[44]
"April 6, 2020",,,M,Macy's,Market capitalization change.[45]
"April 6, 2020",,,RTN,Raytheon Company,United Technologies spun off Otis and Carrier and acquired Raytheon Company.[45]
"April 3, 2020",OTIS,Otis Worldwide,,,United Technologies spun off Otis and Carrier and acquired Raytheon Company.[45]
"April 3, 2020",CARR,Carrier,,,United Technologies spun off Otis and Carrier and acquired Raytheon Company.[45]
"April 1, 2020",HWM,Howmet Aerospace,ARNC,Arconic,Arconic separated into 2 companies - Howmet remained on the index.[46]
"March 2, 2020",IR,Ingersoll Rand,XEC,Cimarex Energy,"Gardner Denver acquired Ingersoll Rand's industrial businesses then changed its name to the ""new"" Ingersoll Rand Inc.[47][48]"
"January 28, 2020",PAYC,Paycom,WCG,WellCare,S&P 500 constituent Centene Corp. (NYSE: CNC) acquired Wellcare Health Plans.[49]
"December 23, 2019",LYV,Live Nation Entertainment,AMG,Affiliated Managers Group,Market capitalization change.[50]
"December 23, 2019",ZBRA,Zebra Technologies,TRIP,TripAdvisor,Market capitalization change.[50]
"December 23, 2019",STE,Steris,MAC,Macerich,Market capitalization change.[50]
"December 9, 2019",ODFL,Old Dominion Freight Line,STI,SunTrust Banks,BB&T acquired SunTrust to form Truist Financial.[51]
"December 5, 2019",WRB,W. R. Berkley Corporation,VIAB,Viacom,CBS acquired Viacom to form ViacomCBS.[52]
"November 21, 2019",NOW,ServiceNow,CELG,Celgene,Bristol-Myers Squibb (NYSE:BMY) acquired Celgene.[53]
"October 3, 2019",LVS,Las Vegas Sands,NKTR,Nektar Therapeutics,Market capitalization change.[54]
"September 26, 2019",NVR,NVR,JEF,Jefferies Financial Group,JEF spun off SPB.[55]
"September 23, 2019",CDW,CDW,TSS,TSYS,S&P 500 constituent Global Payments (NYSE: GPN) acquired TSS.[56]
"August 9, 2019",LDOS,Leidos,APC,Anadarko Petroleum,S&P 500 & 100 constituent Occidental Petroleum Corp. (NYSE:OXY) acquired Anadarko Petroleum.[57]
"August 9, 2019",IEX,IDEX Corporation,FL,Foot Locker,Market capitalization change.[57]
"July 15, 2019",TMUS,T-Mobile US,RHT,Red Hat,S&P 500 & 100 constituent IBM acquired Red Hat.[58]
"July 1, 2019",MKTX,MarketAxess,LLL,L3 Technologies,L3 purchased by Harris Corporation[59]
"June 11, 2019",AMCR,Amcor,BMS,Bemis,BMS changed to AMCR post merger with Amcor;[60] subsequently renamed to Amcor[61]
"June 7, 2019",BMS,Bemis,MAT,Mattel,Pending merger of Bemis and Amcor; Bemis treated as the surviving entity.[62]
"June 3, 2019",DD,DuPont,DWDP,DuPont,DWDP changed to DD after spinning off Corteva.[63]
"June 3, 2019",CTVA,Corteva,FLR,Fluor Corporation,CTVA spun off from DWDP (which then changed symbol to DD)[63]
"April 2, 2019",DOW,Dow,BHF,Brighthouse Financial,DOW spun off from DWDP[64]
"February 27, 2019",WAB,Wabtec,GT,The Goodyear Tire & Rubber Company,WAB acquired GE transportation business[65]
"February 15, 2019",ATO,Atmos Energy,NFX,Newfield Exploration,ECA acquired NFX[66]
"January 18, 2019",TFX,Teleflex,PCG,Pacific Gas & Electric Company,PCG filed for bankruptcy[67]
"January 2, 2019",FRC,First Republic Bank,SCG,SCANA,Dominion Energy acquired SCANA Corporation[68]
"December 24, 2018",CE,Celanese,ESRX,Express Scripts,S&P 500 constituent Cigna (NYSE: CI) acquired ESRX[69]
"December 3, 2018",LW,Lamb Weston,COL,Rockwell Collins,UTX acquired COL[70]
"December 3, 2018",MXIM,Maxim Integrated,AET,Aetna,CVS acquired Aetna[70]
"December 3, 2018",FANG,Diamondback Energy,SRCL,Stericycle,Market Capitalization change[70]
"November 13, 2018",JKHY,Jack Henry & Associates,EQT,EQT,EQT spun off ETRN[71]
"November 6, 2018",KEYS,Keysight,CA,CA Technologies,CA acquired by Broadcom.[72]
"October 11, 2018",FTNT,Fortinet,EVHC,Envision Healthcare,EVHC acquired by KKR.[73]
"October 1, 2018",ROL,Rollins,ANDV,Andeavor,ANDV acquired by Marathon Petroleum.[74]
"September 14, 2018",WCG,WellCare,XL,XL Group,XL acquired by AXA.[75]
"August 28, 2018",ANET,Arista Networks,GGP,GGP,GGP acquired by Brookfield Property Partners.[76]
"July 2, 2018",CPRT,Copart,DPS,Dr Pepper Snapple Group,DPS acquired by Keurig Green Mountain.[77]
"June 20, 2018",FLT,FleetCor Technologies,TWX,Time Warner,AT&T acquired Time Warner.[78]
"June 18, 2018",BR,Broadridge Financial Solutions,RRC,Range Resources,Market capitalization change.[79]
"June 18, 2018",HFC,HollyFrontier,AYI,Acuity Brands,Market capitalization change.[79]
"June 7, 2018",TWTR,Twitter,MON,Monsanto,Bayer acquired Monsanto.[80]
"June 5, 2018",EVRG,Evergy,NAVI,Navient,Westar Energy (NYSE: WR) acquired Great Plains Energy (NYSE: GXP) and changed name to Evergy.[81]
"May 31, 2018",ABMD,Abiomed,WYN,Wyndham Worldwide,Wyndham Worldwide spun off Wyndham Hotels & Resorts (NYSE:WH).[82]
"April 4, 2018",MSCI,MSCI,CSRA,CSRA,S&P 500 constituent General Dynamics (NYSE: GD) acquired CSRA.[83]
"March 19, 2018",TTWO,Take-Two Interactive,SIG,Signet Jewelers,Market capitalization change.[84]
"March 19, 2018",SIVB,SVB Financial Group,PDCO,Patterson Companies,Market capitalization change.[84]
"March 19, 2018",NKTR,Nektar Therapeutics,CHK,Chesapeake Energy,Market capitalization change.[84]
"March 7, 2018",IPGP,IPG Photonics,SNI,Scripps Networks Interactive,Discovery Communications acquired SNI.[85]
"January 3, 2018",HII,Huntington Ingalls Industries,BCR,CR Bard,Becton Dickinson acquired BCR.[86]
"October 13, 2017",NCLH,Norwegian Cruise Line Holdings,LVLT,Level 3 Communications,CenturyLink acquired LVLT.[87]
"September 18, 2017",CDNS,Cadence Design Systems,SPLS,Staples,Sycamore Partners acquired Staples.[88]
"September 1, 2017",DWDP,DuPont,DOW,Dow Chemical Company,The Dow Chemical Company renamed to DowDuPont Inc. and ticker changed from DOW to DWDP after acquiring DuPont.[89]
"September 1, 2017",SBAC,SBA Communications,DD,DuPont,The Dow Chemical Company acquired DuPont.[89]
"August 29, 2017",Q,QuintilesIMS,WFM,Whole Foods Market,Amazon acquired Whole Foods Market.[89]
"August 8, 2017",BHF,Brighthouse Financial,AN,AutoNation,"BHF replaced AN,[90] MET spun off BHF[90]"
"July 26, 2017",DRE,Duke Realty Corp,RIG,Transocean,Market capitalization change.[91]
"July 26, 2017",AOS,A. O. Smith,BBBY,Bed Bath & Beyond,Market capitalization change.[91]
"July 26, 2017",PKG,Packaging Corporation of America,MUR,Murphy Oil,Market capitalization change.[91]
"July 26, 2017",RMD,ResMed,MNK,Mallinckrodt,Market capitalization change.[91]
"July 26, 2017",MGM,MGM Resorts International,RAI,Reynolds American,British American Tobacco (NYSE MKT:BTI) acquired Reynolds American.[91]
"June 19, 2017",HLT,Hilton,YHOO,Yahoo!,VZ acquired YHOO operations; remainder of YHOO converted to closed-end company known as Altaba.[92]
"June 19, 2017",ALGN,Align Technology,TDC,Teradata,Market capitalization changes.[92]
"June 19, 2017",ANSS,Ansys,R,Ryder System,Market capitalization changes.[92]
"June 19, 2017",RE,Everest Re,MJN,Mead Johnson,Reckitt Benckiser acquired Mead Johnson Nutrition.[93]
"June 2, 2017",INFO,IHS Markit,TGNA,Tegna,TGNA spins off Cars.com[94]
"April 5, 2017",IT,Gartner,DNB,Dun & Bradstreet,IT acquiring CEB[95]
"April 4, 2017",DXC,DXC Technology,SWN,Southwestern Energy,"HPE spins off Everett, merged with CSC to form DXC[96][97]"
"March 20, 2017",AMD,Advanced Micro Devices,URBN,Urban Outfitters,Market capitalization change.[98]
"March 20, 2017",RJF,Raymond James Financial,FTR,Frontier Communications,Market capitalization change.[98]
"March 20, 2017",ARE,Alexandria Real Estate Equities,FSLR,First Solar,Market capitalization change.[98]
"March 16, 2017",SNPS,Synopsys,HAR,Harman International,Samsung Electronics acquired Harman International Industries.[99]
"March 13, 2017",DISH,Dish Network,LLTC,Linear Technology,S&P 500 constituent Analog Devices (NASD:ADI) acquired Linear Technology.[100]
"March 2, 2017",REG,Regency Centers,ENDP,Endo International,REG acquires EQY[101]
"March 1, 2017",CBOE,Cboe Holdings,PBI,Pitney Bowes,CBOE acquires BATS[101]
"February 28, 2017",INCY,Incyte,SE,Spectra Energy,SE acquired by ENB[101]
"January 5, 2017",IDXX,Idexx Laboratories,STJ,St Jude Medical,S&P 100 & 500 constituent Abbott Laboratories (NYSE:ABT) acquired St. Jude Medical.[102]
"December 2, 2016",MAA,Mid-America Apartments,OI,Owens-Illinois,Market capitalization change.[103]
"December 2, 2016",EVHC,Envision Healthcare,LM,Legg Mason,Market capitalization change.[103]
"November 1, 2016",ARNC,Arconic,AA,Alcoa,AA spins off ARNC[104]
"September 30, 2016",COTY,Coty,DO,Diamond Offshore Drilling,COTY replaces DO[105]
"September 22, 2016",COO,The Cooper Companies,HOT,Starwood,MAR acquires HOT[106]
"September 8, 2016",CHTR,Charter Communications,EMC,EMC Corporation,Dell acquires EMC[107]
"September 6, 2016",MTD,Mettler Toledo,TYC,Tyco International,TYC acquires JCI (and retains JCI ticker).[108]
"July 5, 2016",FTV,Fortive Corp,CPGX,Columbia Pipeline Group,CPGX acquired by TRP[109]
"July 1, 2016",LNT,Alliant Energy Corp,GAS,AGL Resources,GAS acquired by SO[110]
"July 1, 2016",ALB,Albemarle Corporation,TE,TECO Energy,TE acquired by EMA[109]
"June 22, 2016",FBHS,Fortune Brands Home & Security,CVC,Cablevision Systems,CVC acquired by Altice NV[111]
"June 3, 2016",TDG,TransDigm Group,BXLT,Baxalta,SHPG acquiring BXLT[112]
"May 31, 2016",AJG,Arthur J. Gallagher & Co.,CCE,Coca-Cola Enterprises,CCE merging with European bottlers[113]
"May 23, 2016",LKQ,LKQ Corporation,ARG,Airgas,ARG acquired by Air Liquide[114]
"May 18, 2016",DLR,Digital Realty,TWC,Time Warner Cable,TWC acquired by CHTR[115]
"May 13, 2016",ALK,Alaska Air Group,SNDK,SanDisk,SNDK acquired by WDC[116]
"May 3, 2016",AYI,Acuity Brands,ADT,ADT,ADT acquired by APO[117]
"April 25, 2016",GPN,Global Payments,GME,GameStop,Global Payments is acquiring Heartland Payment Systems[118]
"April 18, 2016",ULTA,Ulta Beauty,THC,Tenet Healthcare,Ulta replaces Tenet[119]
"April 8, 2016",UA,Under Armour (Class C),,,Under Armour distribution of second class of stock
"April 4, 2016",FL,Foot Locker,CAM,Cameron International,Schlumberger acquired Cameron[120]
"March 30, 2016",HOLX,Hologic,POM,Pepco Holdings,Exelon acquired Pepco.[121]
"March 30, 2016",CNC,Centene Corporation,ESV,Ensco,Centene acquired Health Net.[121]
"March 7, 2016",UDR,UDR,GMCR,Keurig Green Mountain,JAB Holding Company acquired Keurig Green Mountain[122]
"March 4, 2016",AWK,American Water Works,CNX,Consol Energy,AWK replaces CNX[123]
"February 22, 2016",CXO,Concho Resources,PCL,Plum Creek Timber,PCL taken over by WY[124]
"February 1, 2016",CFG,Citizens,PCP,Precision Castparts Corporation,CFG replaces PCP[125]
"February 1, 2016",FRT,Federal Realty Investment Trust,BRCM,Broadcom Corporation,FRT replaces BRCM[126]
"January 19, 2016",EXR,Extra Space Storage,ACE,Chubb,"EXR replaces ACE as ACE Ltd acquires Chubb and retains the CB ticker, giving up ACE[127]"
"January 5, 2016",WLTW,Willis Towers Watson,FOSL,Fossil Group,WSH merges with TW (and renames to WLTW)[128]
"December 29, 2015",CHD,Church & Dwight,ALTR,Altera,ALTR taken over by INTC[129]
"December 15, 2015",,,CMCSK,Comcast K Corp,CMCSK shares no longer listed[130]
"December 1, 2015",CSRA,CSRA,CSC,Computer Sciences Corporation,CSC spins off CSRA[131]
"November 19, 2015",ILMN,Illumina,SIAL,Sigma-Aldrich,Sigma-Aldrich acquired by Merck KGaA (MKGAY)[132]
"November 18, 2015",SYF,Synchrony Financial,GNW,Genworth Financial,GE spinning off Synchrony Financial[133]
"November 2, 2015",HPE,Hewlett Packard Enterprise,HCBK,Hudson City Bancorp,HPQ spins off HPE[134]
"October 7, 2015",VRSK,Verisk Analytics,JOY,Joy Global,Market capitalization change.[135]
"September 18, 2015",CMCSK,Comcast Class K Special,,,Share class methodology change[136]
"September 18, 2015",FOX,Twenty-First Century Fox Class B,,,Share class methodology change
"September 18, 2015",NWS,News Corporation Class B,,,Share class methodology change
"September 2, 2015",UAL,United Continental Holdings,HSP,Hospira,Hospira taken over[137]
"August 28, 2015",ATVI,Activision Blizzard,PLL,Pall Corporation,Pall taken over[137]
"July 29, 2015",SIG,Signet Jewelers,DTV,DirecTV,DirecTV acquired by AT&T.[138]
"July 20, 2015",PYPL,PayPal,NE,Noble Corporation,PayPal Spun off by eBay[139]
"July 8, 2015",AAP,Advance Auto Parts,FDO,Family Dollar,Family Dollar acquired.[140]
"July 6, 2015",KHC,Kraft Heinz,KRFT,Kraft Foods,Kraft merger with Heinz.[141]
"July 2, 2015",CPGX,Columbia Pipeline Group,ATI,Allegheny Technologies,Spin off of Columbia Pipeline.[142]
"July 1, 2015",JBHT,J.B. Hunt,TEG,Integrys Energy Group,Integrys taken over.[143]
"July 1, 2015",BXLT,Baxalta,QEP,QEP Resources,Baxalta spun off by Baxter.[144]
"June 11, 2015",QRVO,Qorvo,LO,Lorillard Tobacco Company,Lorillard gets acquired.[145]
"April 7, 2015",O,Realty Income Corporation,WIN,Windstream Communications,Market capitalization change.[146]
"March 23, 2015",AAL,American Airlines Group,AGN,Allergan,Allergan acquired by Actavis (and changed name to Allergan).[147]
"March 23, 2015",EQIX,Equinix,DNR,Denbury Resources,Market Capitalization Changes.[148]
"March 23, 2015",SLG,SL Green Realty,NBR,Nabors Industries,Market Capitalization Changes.
"March 23, 2015",HBI,Hanesbrands,AVP,Avon Products,Market Capitalization Changes.
"March 18, 2015",HSIC,Henry Schein,CFN,Carefusion,Carefusion acquired by Becton Dickinson[149]
"March 12, 2015",SWKS,Skyworks,PETM,PetSmart,PetSmart acquired by private equity consortium[150]
"January 27, 2015",HCA,HCA Holdings,SWY,Safeway,Safeway acquired by private equity consortium[151]
"January 27, 2015",ENDP,Endo International,COV,Covidien,Covidien acquired by Medtronic[152]
"December 5, 2014",RCL,Royal Caribbean Cruises,BMS,Bemis Company,Market cap changes[153]
"November 5, 2014",LVLT,Level 3 Communications,JBL,Jabil Circuit,Market cap changes[154]
"September 20, 2014",URI,United Rentals,BTU,Peabody Energy,Market cap changes[155]
"September 20, 2014",UHS,Universal Health Services,GHC,Graham Holdings,Market cap changes
"August 18, 2014",MNK,Mallinckrodt,RDC,Rowan Companies,Market cap changes[156]
"August 6, 2014",DISCK,Discovery Communications,,,Class C share distribution[157]
"July 2, 2014",MLM,Martin Marietta,X,United States Steel,Market capitalization changes[158]
"July 1, 2014",AMG,Affiliated Managers Group,FRX,Forest Laboratories,Actavis acquires Forest Laboratories[159]
"June 20, 2014",XEC,Cimarex Energy,IGT,International Game Technology,Market capitalization changes[160]
"May 8, 2014",AVGO,Avago Technologies,LSI,LSI Corporation,Avago acquires LSI[161]
"May 1, 2014",UA,Under Armour,BEAM,Beam Suntory,Beam acquired by Suntory[162]
"May 1, 2014",NAVI,Navient,SLM,SLM Corporation,Navient Spun off from SLM[162]
"April 3, 2014",GOOGL,Google,,,Google Class C share distribution[163]
"April 2, 2014",ESS,Essex Property Trust,CLF,Cliffs Natural Resources,Market capitalization changes[164]
"March 21, 2014",GMCR,Keurig Green Mountain,WPX,WPX Energy,Market capitalization changes[165]
"January 24, 2014",TSCO,Tractor Supply,LIFE,Life Technologies,Life Technologies acquired by Thermo Fisher Scientific Inc[166]
"December 23, 2013",ADS,Alliance Data Systems,ANF,Abercrombie & Fitch,Market capitalization changes.[167]
"December 23, 2013",MHK,Mohawk Industries,JDSU,JDS Uniphase,Market capitalization changes.[167]
"December 23, 2013",FB,Facebook,TER,Teradyne,Market capitalization changes.[167]
"December 10, 2013",GGP,General Growth Properties,MOLX,Molex,MOLX acquired by Koch Industries.[168]
"December 2, 2013",ALLE,Allegion,JCP,JCPenney,Allegion spun off by Ingersoll Rand.[169]
"November 13, 2013",KORS,Michael Kors,NYX,NYSE Euronext,ICE Exchange acquired NYSE Euronext.[170]
"October 29, 2013",RIG,Transocean,DELL,Dell,Founder Michael Dell and Silver Lake Partners acquired Dell.[171]
"September 20, 2013",VRTX,Vertex Pharmaceuticals,AMD,Advanced Micro Devices,Market capitalization change.[172]
"September 20, 2013",AME,Ametek,SAI,SAIC,Market capitalization change.[172]
"September 10, 2013",DAL,Delta Air Lines,BMC,BMC Software,BMC taken private by consortium[173]
"July 8, 2013",NLSN,Nielsen Holdings,S,Sprint Nextel,Softbank consortium purchase results in public float below 50%[174]
"July 1, 2013",NWSA,21st Century Fox,APOL,Apollo Education Group,Apollo Group's market cap more representative of a mid-cap[175]
"June 21, 2013",ZTS,Zoetis,FHN,First Horizon,Zoetis spun off by Pfizer[176]
"June 6, 2013",GM,General Motors,HNZ,Heinz,HNZ acquired by consortium[177]
"May 23, 2013",KSU,Kansas City Southern,DF,Dean Foods,DF too small after spinoff of White Wave Foods[178]
"May 8, 2013",MAC,Macerich,CVH,Coventry Health Care,Acquired by Aetna (AET)[179]
"April 30, 2013",REGN,Regeneron Pharmaceuticals,PCS,MetroPCS,A majority of MetroPCS was acquired by T-Mobile[180]
"February 15, 2013",PVH,PVH,BIG,Big Lots,Market capitalization changes[181]
"January 2, 2013",ABBV,AbbVie,FII,Federated Investors,ABBV spun off from Abbott Labs (ABT)[182]
"December 21, 2012",DLPH,Delphi Automotive,TIE,Titanium Metals,TIE acquired by Precision Cast Parts (PCP)[183]
"December 11, 2012",GRMN,Garmin,RRD,RR Donnelley,Market capitalization changes[184]
"December 3, 2012",DG,Dollar General,CBE,Cooper Industries,Acquired by Eaton Corp. (ETN)[185]
"October 10, 2012",PETM,PetSmart,SUN,Sunoco,Acquired by Energy Transfer Partners (ETP)[186]
"October 2, 2012",KRFT,Kraft Foods,ANR,Alpha Natural Resources,Kraft split into two companies[187]
"October 1, 2012",ADT,ADT,LXK,Lexmark,Tyco spun off ADT[188]
"October 1, 2012",PNR,Pentair,DV,DeVry,Tyco spin-off merged w/Pentair[188]
"September 5, 2012",LYB,LyondellBasell,SHLD,Sears Holdings,SHLD below public float threshold[189]
"July 31, 2012",ESV,Ensco,GR,Goodrich Corporation,Goodrich acquired by United Technologies (UTX).[190]
"July 2, 2012",STX,Seagate Technology,PGN,Progress Energy,Acquired by Duke Energy (DUK)[191]
"June 29, 2012",MNST,Monster Beverage,SLE,Sara Lee Corporation,Split up of Sara Lee[192]
"June 5, 2012",LRCX,Lam Research,NVLS,Novellus Systems,Acquired by Lam Research (LRCX)[193]
"May 21, 2012",ALXN,Alexion Pharmaceuticals,MMI,Motorola Mobility,Acquired by Google (GOOG)[194]
"May 17, 2012",KMI,Kinder Morgan,EP,El Paso Corporation,Acquired by Kinder Morgan (KMI)[195]
"April 23, 2012",PSX,Phillips 66,SVU,Supervalu,ConocoPhillips spun off Phillips 66[196]
"April 3, 2012",FOSL,Fossil,MHS,Medco Health Solutions,Acquired by Express Scripts (ESRX)[197]
"March 13, 2012",CCI,Crown Castle,CEG,Constellation Energy Group,Acquired by Exelon Corp. (EXC)[198]
"December 31, 2011",WPX,WPX Energy,CPWR,Compuware,Market capitalization changes[199]
"December 20, 2011",TRIP,TripAdvisor,TLAB,Tellabs,Expedia spun off TripAdvisor.[200]
"December 16, 2011",BWA,BorgWarner,AKS,AK Steel,Market capitalization changes[201]
"December 16, 2011",PRGO,Perrigo,MWW,Monster Worldwide,Market capitalization changes
"December 16, 2011",DLTR,Dollar Tree,WFR,MEMC Electronic Materials,Market capitalization changes
"December 12, 2011",GAS,AGL Resources.,GAS,Nicor Gas,"Nicor acquired by AGL, which retained the GAS ticker.[202]"
"November 18, 2011",CBE,Cooper Industries,JNS,Janus Capital Group,Janus Capital Group's market capitalization is less than $1.2 billion  and is no longer representative of the large cap market space.[203]
"October 31, 2011",XYL,Xylem,ITT,ITT,Spun off from ITT Corp.[204]
"October 14, 2011",TEL,TE Connectivity,CEPH,Cephalon,Acquired by Teva Pharmaceutical Industries (TEVA).[205]
"September 23, 2011",MOS,The Mosaic Company,NSM,National Semiconductor,Acquired by Texas Instruments (TXN).[206]
"July 5, 2011",ACN,Accenture,MI,Marshall & Ilsley,Marshall & Iisley is being bought by Bank of Montreal[207]
"June 30, 2011",MPC,Marathon Oil,RSH,RadioShack,Market capitalization adjustments.[208]
"June 1, 2011",ANR,Alpha Natural Resources,MEE,Massey Energy,Alpha Natural Resources acquired Massey Energy.[209]
"April 27, 2011",CMG,Chipotle Mexican Grill,NOVL,Novell,Acquired by private equity firms.[210]
"April 1, 2011",BLK,BlackRock,GENZ,Genzyme,Acquired by Sanofi Aventis (SNY)[211]
"March 31, 2011",EW,Edwards Lifesciences,Q,Qwest Communications,Acquired by CenturyLink[212]
"February 28, 2011",COV,Covidien,MFE,McAfee,Acquired by Intel[213]
"February 25, 2011",JOYG,Joy Global,AYE,Allegheny Energy,Acquired by First Energy (FE).[214]
"December 17, 2010",CVC,Cablevision,KG,King Pharmaceuticals,Acquired by Pfizer.[215]
"December 17, 2010",FFIV,F5 Networks,EK,Eastman Kodak,Market Cap changes.[215]
"December 17, 2010",NFLX,Netflix,ODP,Office Depot,Market Cap changes.
"December 17, 2010",NFX,Newfield Exploration,NYT,The New York Times Company,Market Cap changes.
"November 17, 2010",IR,Ingersoll-Rand,PTV,Pactiv,Reynolds Group Holdings acquired Pactiv.[216]
"August 26, 2010",TYC,Tyco International,SII,Smith International,Acquired by Schlumberger (SLB)[217]
"July 14, 2010",CB,Chubb,MIL,Millipore,Acquired by Merck KGaA (MKGAY)[218]
"June 30, 2010",QEP,QEP Resources,STR,Questar,"Company split. QEP retained, but ticker changed.[219]"
"June 28, 2010",KMX,CarMax,XTO,XTO Energy,Acquired by ExxonMobil[220]
"April 29, 2010",CERN,Cerner,BJS,BJ Services,Acquired by Baker Hughes[221]
"February 26, 2010",HP,Helmerich & Payne,RX,IMS Health,Taken private[222]
"December 18, 2009",V,Visa,CIEN,Ciena,Market capitalization change.[223]
"December 18, 2009",MJN,Mead Johnson Nutrition,DYN,Dynegy,Market capitalization change.[223]
"December 18, 2009",CLF,Cliffs Natural Resources,KBH,KB Home,Market capitalization change.[223]
"December 18, 2009",SAI,SAIC,CVG,Convergys,Market capitalization change.[223]
"December 18, 2009",ROST,Ross Stores,MBI,MBIA,Market capitalization change.[223]
"November 3, 2009",PCLN,Priceline.com,SGP,Schering-Plough,Acquired by Merck & Co. (MRK)[224]
"September 28, 2009",ARG,Airgas,CBE,Cooper Industries,Redomesticated to Ireland[225]
"August 19, 2009",FMC,FMC Corporation,CTX,Centex Corp.,Centex acquired by Pulte Homes.[226]
"June 29, 2009",PCS,MetroPCS,,,PCS replaced TEL. [227]
"June 25, 2009",,,TEL,TE Connectivity,"Tyco Electronics left the index because it was reincorporating in Switzerland, making it ineligible for inclusion. [227]"
"June 5, 2009",FTI,FMC Technologies,COV,Covidien,"Covidien moved its place of incorporation to Ireland, making it ineligible for inclusion in the index.[228]"
"March 3, 2009",HRL,Hormel Foods,ACAS,American Capital,Capitalization rebalance.[229]
"March 3, 2009",VTR,Ventas,JNY,Jones Apparel Group,Capitalization rebalance.
"December 31, 2008",OI,Owens-Illinois,WB,Wachovia Bank,Wachovia Bank acquired by Wells Fargo.[230]
"September 16, 2008",HRS,Harris Corporation,LEH,Lehman Brothers,Lehman Brothers filed for bankruptcy.[231]
"September 12, 2008",CRM,Salesforce,FRE,Freddie Mac,Capitalization rebalance.[232]
"September 12, 2008",FAST,Fastenal,FNM,Fannie Mae,Capitalization rebalance.[232]
"July 1, 2008",AKS,AK Steel,CFC,Countrywide Financial Corp,Ak Steel replaced Countrywide Financial.[233]
"June 23, 2008",COG,Cabot Oil & Gas,BC,Brunswick,Market capitalization change.[234]
"June 23, 2008",MEE,Massey Energy,OMX,OfficeMax,Market capitalization change.[234]
"June 10, 2008",LO,Lorillard Tobacco Company,ABK,Ambac Financial,Market Value Decline[235]
"December 20, 2007",RRC,Range Resources,TRB,Tribune Media,Taken private[236]
"December 13, 2007",GME,GameStop,DJ,Dow Jones,Acquired by News Corporation[237]
"October 26, 2007",JEC,Jacobs Engineering Group,AV,Avaya,Taken private[238]
"October 2, 2007",EXPE,Expedia,SLR,Solectron,Solectron acquired by Flextronics.[239]
"October 1, 2007",TDC,Teradata,NCR,NCR Corporation,Teradata spun off by NCR Corporation.[239]
"September 27, 2007",TSO,Tesoro Corporation,MXIM,Maxim Integrated Products,MXIM delisted from NASDAQ exchange.[239]
"September 26, 2007",ICE,Intercontinental Exchange,FDC,First Data,FDC acquired by KKR.[239]
"August 24, 2007",LUK,Leucadia National,KSE,KeySpan,Acquired by National Grid plc[240]
"July 2, 2007",DFS,Discover Financial Services,,,Discover Financial Services Debuts On New York Stock Exchange Under Ticker Symbol DFS
"March 30, 2007",KFT,Kraft Foods,TSG,Sabre Corporation,Taken Private[241]
"January 10, 2007",AVB,AvalonBay Communities,SBL,Symbol Technologies,Acquired by Motorola[242]
"June 2, 2006",JNPR,Juniper Networks,ABS,Albertsons,Albertsons acquired by SuperValu and CVS Corp.[243]
"November 18, 2005",AMZN,Amazon,T,AT&T Corporation,AT&T Corp. acquired by SBC Communications[244]
"July 1, 2005",STZ,Constellation Brands,GLK,Great Lakes Chemical,Acquired by Crompton Corp.[245]
"September 25, 2003",ESRX,Express Scripts,QTRN,Quintiles Transnational,Taken private[246]
"December 5, 2000",INTU,Intuit,BS,Bethlehem Steel,Market Cap changes.[247]
"December 5, 2000",SBL,Symbol Technologies,OI,Owens-Illinois,Market Cap changes.
"December 5, 2000",AYE,Allegheny Energy,GRA,WR Grace,Market Cap changes.
"December 5, 2000",ABK,Ambac Financial,CCK,Crown Holdings,Market Cap changes.
"July 27, 2000",JDSU,JDS Uniphase,RAD,RiteAid,Market Cap change.[248]
"June 12, 2000",CVG,Convergys,TMC,Times Mirror,Tribune Co. acquired Times Mirror.[249]
"June 7, 2000",SBUX,Starbucks,SMS,Shared Medical Systems,Siemens AG acquired Shared Medical Systems.[249]
"December 7, 1999",YHOO,Yahoo!,LDW,Laidlaw,Market capitalization change.[250]
"June 9, 1999",WLP,Wellpoint,HPH,Harnischfeger Industries,Harnischfeger filed for bankruptcy.[251]
"December 11, 1998",FSR,Firstar,LDW,Amoco,BP purchased Amoco.[252]
"December 11, 1998",CCL,Carnival Corp.,GRN,General Re,Berkshire Hathaway purchased General Re.[252]
"December 11, 1998",CPWR,Compuware,SUN,SunAmerica,AIG purchased SunAmerica.[252]
"June 17, 1997",CCI,Countrywide Credit Industries,USL,USLife,AIG acquired USLife.[253]
